Title,Link,Publish Time,Image URL
（影音）林柏宏當影展大使「人生清單打勾」   重溫《超級星光大道》青澀模樣,https://ent.ltn.com.tw/news/breakingnews/4660266,15:38,https://img.ltn.com.tw/Upload/ent/page/400S/2024/05/02/phpwIBhuH.jpg
聯電推出RFSOI 3D IC解決方案 準備投入量產,https://ec.ltn.com.tw/article/breakingnews/4660278,15:36,https://img.ltn.com.tw/Upload/business/page/400S/2024/05/02/phpezxzZ4.jpg
券商：存股族可善用8.5％股利抵減稅額 省荷包,https://ec.ltn.com.tw/article/breakingnews/4660261,15:36,https://img.ltn.com.tw/Upload/business/page/400S/2024/05/02/4660261_1.jpg
歐陽娜娜這樣被教出來  傅娟曝光對中國「這點」嗤之以鼻,https://ent.ltn.com.tw/news/breakingnews/4660256,15:36,https://img.ltn.com.tw/Upload/ent/page/400S/2024/05/02/phpjwYYcV.jpg
虎尾市區停車亂象有解  公安路停車場年底啟用,https://news.ltn.com.tw/news/life/breakingnews/4660265,15:35,https://img.ltn.com.tw/Upload/news/250/2024/05/02/4660265_1_1.jpg
MLB》山本由伸連3場好投獲教頭讚賞 與34歲老將搭配ERA是0！,https://sports.ltn.com.tw/news/breakingnews/4660269,15:35,https://img.ltn.com.tw/Upload/sports/page/400S/2024/05/02/phpm51XUW.jpg
嘉義百年派出所變身藝文新景點！東門町1923首展用AR欣賞古詩,https://playing.ltn.com.tw/article/29422,15:35,https://img.ltn.com.tw/Upload/playing/page/2024/05/02/240502-29422-15-LnfPH.jpg
柯文哲打臉「蔡柯喬NCC人事」？ 吳思瑤：黃國昌造謠應道歉,https://news.ltn.com.tw/news/politics/breakingnews/4660271,15:34,https://img.ltn.com.tw/Upload/news/250/2024/05/02/4660271_1_1.jpg
兩津勘吉當領班！《八戒》台灣動畫導演喊破影史紀錄：想嚇大家,https://ent.ltn.com.tw/news/breakingnews/4660257,15:33,https://img.ltn.com.tw/Upload/ent/page/400S/2024/05/02/4660257_1.jpg
女子遭母男友強吻襲胸 機警留住頸部口水定罪色狼,https://news.ltn.com.tw/news/society/breakingnews/4660259,15:31,https://img.ltn.com.tw/Upload/news/250/2024/05/02/4660259_1_1.jpg
夏天賣爆台日的MUJI單品出列！這款季節限定隱藏版有效涼感降溫,https://istyle.ltn.com.tw/article/30795,15:30,https://img.ltn.com.tw/Upload/style/page/2024/05/02/240502-30795-1-vVDrY.jpg
